Temperature Range,Average Attendance
Cold (≤40°F),1045.7857142857142
Cool (41–55°F),1097.223404255319
Mild (56–70°F),3325.1935483870966
Warm (71–85°F),0
Hot (>85°F),0
